sale_id,sale_date,customer_id,product_id,quantity,unit_price,total_amount,discount_pct,payment_method,channel,region
1,2025-04-26,243,919,7,38.52,269.64,0,PayPal,Online,MN
2,2025-07-02,948,257,5,308.17,1155.64,25,Credit Card,Mobile App,CO
3,2025-06-18,556,268,10,317.08,2378.1,25,Credit Card,Online,NC
4,2025-10-04,426,599,6,93.72,562.32,0,Debit Card,Online,PA
5,2025-11-08,929,764,7,104.1,582.96,20,Debit Card,Online,FL
6,2025-12-21,452,772,3,403.37,1089.1,10,Credit Card,Mobile App,ID
7,2025-05-14,611,339,5,490.61,1839.79,25,PayPal,In-Store,MO
8,2025-11-23,294,101,1,461.69,461.69,0,Credit Card,In-Store,DE
9,2026-02-12,559,427,1,333.23,249.92,25,PayPal,In-Store,IA
10,2025-06-14,53,499,8,29.28,234.24,0,Debit Card,In-Store,DE
11,2026-01-28,846,444,10,191.37,1722.33,10,Cash,Mobile App,NJ
12,2026-02-23,115,997,6,492.54,2807.48,5,Cash,Phone,FL
13,2025-07-14,460,656,9,89.52,805.68,0,PayPal,In-Store,MA
14,2025-05-01,799,133,1,71.41,53.56,25,Credit Card,Phone,NY
15,2025-09-16,599,723,5,122.35,550.58,10,PayPal,In-Store,PW
16,2025-09-27,441,466,7,315.64,2209.48,0,Credit Card,Mobile App,MA
17,2025-11-04,79,231,4,378.16,1512.64,0,Cash,In-Store,WV
18,2026-02-09,864,811,9,282.03,2411.36,5,PayPal,Mobile App,DC
19,2025-12-16,269,150,4,116.11,441.22,5,Apple Pay,In-Store,NJ
20,2026-01-26,260,49,4,26.85,96.66,10,PayPal,Online,SC
21,2025-10-28,443,121,1,204.79,153.59,25,PayPal,In-Store,VT
22,2025-06-16,162,952,6,290.57,1743.42,0,Debit Card,Phone,PR
23,2025-09-02,926,423,3,307.91,692.8,25,Credit Card,Phone,OK
24,2026-02-18,55,979,2,251.04,502.08,0,Apple Pay,Mobile App,MT
25,2026-01-29,674,942,6,74.47,446.82,0,Debit Card,Phone,ID
26,2025-07-25,604,593,10,42.61,426.1,0,Apple Pay,Phone,NH
27,2025-06-08,177,459,6,100.29,451.31,25,Apple Pay,Phone,KY
28,2025-12-23,416,909,7,161.65,1074.97,5,Debit Card,Online,MI
29,2026-02-23,608,85,1,34.86,34.86,0,Cash,Online,NH
30,2025-07-21,832,448,2,189.76,360.54,5,Debit Card,Online,PW
31,2026-02-27,126,589,1,161.36,153.29,5,PayPal,Online,DE
32,2025-12-03,590,423,10,106.21,796.57,25,Credit Card,Mobile App,VI
33,2025-06-08,779,936,4,299.09,897.27,25,Credit Card,Mobile App,SD
34,2025-12-13,22,182,7,209.38,1245.81,15,Apple Pay,Phone,IN
35,2025-10-27,99,971,1,304.8,304.8,0,Debit Card,Mobile App,NC
36,2025-11-27,171,936,8,392.35,3138.8,0,Debit Card,In-Store,VI
37,2025-12-15,827,204,5,499.98,1874.93,25,Debit Card,In-Store,TX
38,2026-02-13,690,420,1,345.05,276.04,20,Credit Card,Mobile App,NV
39,2026-02-23,402,819,2,417.57,835.14,0,Credit Card,Phone,MA
40,2025-10-22,454,947,6,378.97,2273.82,0,PayPal,In-Store,WI
41,2025-09-11,122,24,5,356.37,1781.85,0,PayPal,Online,AK
42,2025-07-13,141,375,6,275.05,1650.3,0,PayPal,Mobile App,KS
43,2025-04-25,867,33,7,341.41,2031.39,15,Credit Card,In-Store,PW
44,2025-06-23,647,977,7,96.48,506.52,25,Credit Card,Phone,IN
45,2026-03-01,179,971,6,345.15,1760.26,15,Debit Card,In-Store,MS
46,2026-02-25,292,619,2,246.35,492.7,0,Debit Card,Online,MT
47,2025-03-29,453,987,7,321.59,2251.13,0,Cash,In-Store,CT
48,2025-11-27,239,101,10,153.82,1307.47,15,Cash,Online,NV
49,2025-12-15,522,330,2,124.38,211.45,15,Credit Card,Online,SD
50,2026-02-20,235,207,6,437.99,1970.95,25,Apple Pay,Mobile App,VT
51,2025-07-19,651,774,1,264.79,238.31,10,PayPal,Online,CA
52,2025-08-29,628,441,6,91.79,440.59,20,Apple Pay,Phone,LA
53,2026-02-04,255,456,2,303.21,545.78,10,Cash,In-Store,LA
54,2025-05-26,194,632,5,492.7,2463.5,0,Debit Card,Phone,NJ
55,2025-05-11,42,377,3,482.83,1448.49,0,Cash,In-Store,ND
56,2025-09-09,739,103,8,38.64,293.66,5,Credit Card,In-Store,MI
57,2025-09-06,610,508,8,377.65,2265.9,25,Debit Card,Phone,WV
58,2025-03-18,229,259,10,361.43,2891.44,20,Debit Card,In-Store,VA
59,2025-06-07,282,628,7,172.92,1210.44,0,PayPal,In-Store,KY
60,2025-05-08,99,746,1,347.81,278.25,20,Cash,Online,MP
61,2025-11-25,625,681,8,84.84,644.78,5,Apple Pay,In-Store,FL
62,2025-09-10,520,223,7,101.09,601.49,15,Apple Pay,In-Store,HI
63,2025-04-19,649,778,1,172.69,164.06,5,PayPal,In-Store,MI
64,2025-05-11,801,877,7,193.95,1289.77,5,PayPal,Mobile App,CO
65,2026-01-30,417,566,2,271.59,516.02,5,Apple Pay,Phone,DE
66,2025-05-01,975,289,6,219.38,1118.84,15,Cash,Online,MH
67,2025-12-01,576,331,8,73.61,471.1,20,Credit Card,In-Store,CT
68,2025-06-30,478,287,1,237.26,237.26,0,Cash,Online,MH
69,2026-02-16,4,304,4,147.69,590.76,0,Credit Card,Online,MO
70,2025-09-20,322,936,6,374.71,2248.26,0,Cash,Phone,TX
71,2025-11-19,54,455,8,51.43,329.15,20,Cash,In-Store,UT
72,2025-03-06,560,264,2,274.9,412.35,25,Credit Card,Phone,VT
73,2025-09-21,538,419,10,145.89,1313.01,10,Apple Pay,Online,AZ
74,2025-06-08,603,857,1,43.99,43.99,0,Debit Card,Phone,MI
75,2026-01-08,556,319,5,455.53,1708.24,25,Apple Pay,Online,MA
76,2026-02-06,517,484,7,395.16,2766.12,0,Debit Card,Phone,KS
77,2025-06-21,197,313,1,62.11,62.11,0,Apple Pay,Online,SC
78,2025-03-16,546,389,4,16.54,59.54,10,Debit Card,Online,SD
79,2026-03-02,971,979,3,415.36,1183.78,5,Credit Card,Online,NC
80,2025-04-18,556,214,6,464.27,2089.22,25,Credit Card,Mobile App,CA
81,2025-07-09,370,383,6,211.18,1203.73,5,PayPal,Phone,NC
82,2025-04-18,278,12,6,13.97,83.82,0,Cash,Phone,KY
83,2026-02-04,702,773,1,192.57,192.57,0,Credit Card,Phone,IN
84,2025-10-01,386,304,7,157.92,1050.17,5,Debit Card,In-Store,NC
85,2025-11-09,967,789,4,445.57,1693.17,5,Credit Card,In-Store,IL
86,2026-03-01,868,145,1,306.07,306.07,0,PayPal,Mobile App,MO
87,2025-12-16,173,463,2,104.14,208.28,0,PayPal,Phone,NY
88,2026-02-05,858,616,1,375.55,375.55,0,Cash,Mobile App,TN
89,2025-12-17,711,744,7,126.79,843.15,5,PayPal,Mobile App,IN
90,2025-04-08,560,466,3,349.67,1049.01,0,Debit Card,In-Store,DC
91,2026-01-03,295,613,8,50.03,400.24,0,PayPal,Mobile App,PW
92,2025-07-14,104,749,1,161.09,161.09,0,Cash,Phone,GA
93,2025-08-25,801,76,2,374.01,598.42,20,Debit Card,Phone,AK
94,2025-05-27,223,638,9,100.4,903.6,0,Cash,Mobile App,CO
95,2025-10-18,155,476,8,78.28,532.3,15,PayPal,Phone,VA
96,2025-11-23,582,882,2,201.27,322.03,20,Credit Card,Phone,NY
97,2025-05-11,341,731,10,205.97,1956.71,5,PayPal,In-Store,TN
98,2025-08-09,246,992,5,368.58,1382.17,25,Apple Pay,Mobile App,TX
99,2025-12-17,508,975,8,71.91,546.52,5,Debit Card,Mobile App,FL
100,2025-03-10,920,239,8,184.96,1331.71,10,Cash,In-Store,MT
101,2026-03-02,378,261,9,205.08,1845.72,0,PayPal,Phone,FL
102,2025-10-17,909,351,8,118.94,951.52,0,Debit Card,In-Store,IN
103,2025-08-16,665,691,5,208.77,1043.85,0,PayPal,Mobile App,CA
104,2025-04-21,277,687,8,219.64,1317.84,25,Apple Pay,Mobile App,FL
105,2025-08-20,296,580,7,485.85,3400.95,0,PayPal,Mobile App,DC
106,2025-07-01,478,20,1,130.33,130.33,0,Apple Pay,Phone,NM
107,2025-10-02,625,1,8,348.92,2233.09,20,Debit Card,Phone,OR
108,2026-01-29,922,158,7,118.34,621.28,25,Apple Pay,Mobile App,UT
109,2025-07-08,983,802,2,253.52,380.28,25,Debit Card,Online,MH
110,2025-07-14,345,990,2,305.76,611.52,0,Apple Pay,Mobile App,MD
111,2026-01-21,980,643,3,149.03,447.09,0,Apple Pay,Mobile App,IL
112,2025-04-05,669,867,1,440.84,418.8,5,Cash,Phone,WV
113,2025-12-31,378,331,10,225.28,1914.88,15,Apple Pay,Phone,PW
114,2025-04-04,384,337,9,465.23,3140.3,25,Cash,Mobile App,NC
115,2025-07-03,340,239,2,168.6,286.62,15,Debit Card,Phone,KY
116,2025-05-26,622,360,5,364.74,1823.7,0,Credit Card,In-Store,KS
117,2025-08-03,856,146,1,107.83,80.87,25,Apple Pay,Mobile App,ND
118,2026-01-29,352,628,8,481.83,3469.18,10,Debit Card,Online,GU
119,2025-07-28,381,590,5,357.99,1521.46,15,Apple Pay,Online,MD
120,2026-02-14,614,577,1,247.75,247.75,0,Cash,Phone,ME
121,2025-11-14,788,68,5,396.42,1982.1,0,Credit Card,In-Store,OH
122,2025-07-14,168,883,5,371.75,1394.06,25,Cash,Mobile App,DC
123,2025-05-02,66,307,3,490.98,1399.29,5,Debit Card,Mobile App,WV
124,2025-12-08,142,88,8,60.6,460.56,5,Credit Card,In-Store,MS
125,2025-06-28,169,661,7,256.32,1435.39,20,PayPal,In-Store,MO
126,2025-11-26,584,100,6,59.07,354.42,0,Cash,In-Store,NC
127,2025-09-23,390,20,6,31.52,189.12,0,Apple Pay,Phone,MT
128,2025-10-09,616,314,2,349.33,558.93,20,Credit Card,Phone,DE
129,2025-09-14,182,875,8,476.2,3238.16,15,Credit Card,In-Store,KY
130,2025-11-17,709,507,1,87.47,87.47,0,Cash,Online,CT
131,2025-04-08,593,289,7,193.56,1219.43,10,Cash,Online,NC
132,2025-06-28,702,718,5,365.33,1369.99,25,Credit Card,Mobile App,FL
133,2025-11-10,184,872,5,436.4,2072.9,5,Credit Card,Online,NY
134,2025-08-16,474,772,6,87.4,524.4,0,Credit Card,In-Store,CA
135,2025-04-24,733,831,8,97.13,621.63,20,Apple Pay,Online,AL
136,2025-06-14,423,460,10,345.68,3283.96,5,Apple Pay,Phone,VA
137,2025-10-16,904,329,5,454.77,2273.85,0,Credit Card,In-Store,IA
138,2025-05-07,608,742,4,352.54,1410.16,0,Credit Card,Mobile App,IA
139,2025-07-22,725,712,6,137.9,827.4,0,Cash,In-Store,WI
140,2026-01-22,724,295,5,55.66,236.55,15,Credit Card,Online,PA
141,2026-01-24,555,344,1,306.66,291.33,5,Credit Card,Online,GA
142,2025-06-07,782,717,9,170.67,1536.03,0,Apple Pay,Online,NM
143,2025-09-02,939,736,10,147.34,1473.4,0,PayPal,In-Store,CT
144,2025-05-28,211,264,4,234.65,703.95,25,Debit Card,In-Store,PR
145,2026-02-07,674,877,4,319.06,957.18,25,Credit Card,Phone,ME
146,2025-09-20,247,84,7,33.72,224.24,5,Cash,Phone,IL
147,2025-07-07,201,978,7,10.89,60.98,20,PayPal,In-Store,OH
148,2025-09-23,903,319,8,481.78,3468.82,10,Credit Card,Phone,LA
149,2025-03-17,838,82,5,384.92,1924.6,0,Debit Card,In-Store,MT
150,2026-01-12,461,995,7,362.33,2536.31,0,Cash,In-Store,FL
151,2025-04-25,351,883,2,336.96,539.14,20,Apple Pay,Mobile App,UT
152,2025-11-23,392,983,2,493.85,987.7,0,Debit Card,Phone,GU
153,2025-12-09,5,793,8,23.08,184.64,0,Apple Pay,Online,SD
154,2025-10-02,556,73,4,385.31,1310.05,15,Cash,In-Store,ND
155,2026-01-05,547,115,5,429.53,2040.27,5,Apple Pay,In-Store,UT
156,2026-03-02,514,802,7,60.53,338.97,20,Credit Card,In-Store,HI
157,2025-07-31,261,245,9,114.29,822.89,20,Debit Card,Phone,IA
158,2025-06-26,489,797,4,332.48,997.44,25,Debit Card,Mobile App,IA
159,2025-05-30,380,362,1,335.25,251.44,25,Apple Pay,Mobile App,OK
160,2025-03-14,113,484,9,184.6,1495.26,10,Cash,Mobile App,FM
161,2025-10-10,898,661,2,42.79,72.74,15,PayPal,In-Store,MA
162,2025-11-04,437,16,9,46.2,415.8,0,Cash,Phone,PA
163,2025-10-14,653,971,9,260.15,1873.08,20,Credit Card,Phone,CA
164,2025-10-13,346,160,7,50.07,350.49,0,Credit Card,Online,NJ
165,2026-01-07,421,207,2,73.24,131.83,10,Debit Card,Phone,WA
166,2025-11-09,333,202,2,46.32,92.64,0,Cash,Mobile App,DC
167,2025-09-14,141,407,7,47.71,267.18,20,Debit Card,Mobile App,KY
168,2025-03-16,74,414,8,294.39,2001.85,15,Credit Card,Online,WA
169,2025-03-09,131,855,6,342.01,1641.65,20,Cash,Online,LA
170,2025-08-08,216,910,7,75.29,527.03,0,Cash,Phone,IL
171,2026-02-04,614,152,6,398.25,2270.03,5,PayPal,Phone,PW
172,2025-07-06,132,412,6,328.22,1575.46,20,PayPal,Online,LA
173,2025-08-21,943,106,9,392.7,3180.87,10,Debit Card,In-Store,NY
174,2025-12-24,31,96,3,285.76,642.96,25,Debit Card,Online,MD
175,2025-07-19,692,328,9,176.93,1353.51,15,Debit Card,Mobile App,OK
176,2025-11-26,971,883,3,209.96,566.89,10,Cash,Mobile App,CO
177,2026-01-28,490,368,10,79.88,758.86,5,Cash,Phone,ID
178,2026-02-19,506,921,4,109.02,327.06,25,PayPal,Phone,NC
179,2025-07-08,40,328,10,113.19,1131.9,0,Debit Card,Online,HI
180,2025-10-07,594,649,1,183.44,165.1,10,Apple Pay,In-Store,FM
181,2026-02-15,888,914,8,412.36,2639.1,20,Debit Card,Online,MT
182,2025-04-27,484,542,7,440.36,2928.39,5,Debit Card,In-Store,TX
183,2025-09-25,951,99,7,210.22,1324.39,10,Debit Card,Mobile App,TN
184,2025-05-25,526,137,1,49.9,49.9,0,Credit Card,Phone,KY
185,2025-08-07,579,749,4,264.95,1059.8,0,Cash,Online,MH
186,2025-06-06,271,697,6,347.78,2086.68,0,Credit Card,In-Store,AL
187,2025-06-01,632,528,5,495.79,2478.95,0,PayPal,Phone,SD
188,2025-11-30,493,104,7,336.72,1767.78,25,PayPal,Online,NJ
189,2025-06-20,217,445,3,384.6,865.35,25,Debit Card,Online,MP
190,2025-06-19,194,154,5,439.08,1866.09,15,Apple Pay,Online,AL
191,2025-11-22,204,487,6,85.79,386.06,25,Cash,In-Store,DC
192,2026-02-01,656,580,2,359.96,611.93,15,PayPal,Mobile App,KS
193,2025-06-15,759,791,1,15.73,13.37,15,PayPal,Mobile App,ME
194,2025-11-17,545,323,6,102.82,555.23,10,Debit Card,In-Store,DE
195,2025-11-12,883,663,6,367.04,1982.02,10,Credit Card,Online,WI
196,2025-11-02,530,35,5,108.18,540.9,0,Cash,Online,WI
197,2025-12-15,692,372,1,445.06,378.3,15,Apple Pay,Phone,TN
198,2026-01-20,237,486,8,113.14,769.35,15,PayPal,Mobile App,AS
199,2025-03-28,343,216,10,150.96,1434.12,5,Debit Card,In-Store,FM
200,2025-12-16,643,661,2,452.71,905.42,0,PayPal,Mobile App,AK
201,2025-05-10,148,261,2,304.54,609.08,0,Apple Pay,Online,FL
202,2025-10-20,547,7,5,26.41,132.05,0,Apple Pay,In-Store,LA
203,2025-11-23,101,90,1,117.69,100.04,15,Apple Pay,Phone,GA
204,2025-08-08,728,870,4,312.86,1126.3,10,Cash,Mobile App,VT
205,2025-09-21,197,342,4,10.12,40.48,0,Apple Pay,Phone,WV
206,2025-03-21,992,851,4,479.69,1918.76,0,Credit Card,Online,ID
207,2025-06-16,501,15,4,279.0,892.8,20,Cash,Online,PR
208,2025-08-22,823,107,4,119.64,430.7,10,Debit Card,Phone,NJ
209,2025-06-10,696,182,4,166.06,664.24,0,Cash,Phone,MT
210,2025-03-09,900,3,9,205.35,1386.11,25,Debit Card,Mobile App,OH
211,2025-03-08,244,322,2,117.05,175.57,25,Cash,Mobile App,AZ
212,2025-10-03,202,619,2,396.82,793.64,0,PayPal,Mobile App,SD
213,2026-02-03,288,703,1,497.98,497.98,0,Cash,Phone,HI
214,2025-06-28,946,894,1,169.78,152.8,10,Debit Card,In-Store,WV
215,2025-06-13,708,550,3,329.41,840.0,15,Debit Card,Mobile App,FL
216,2025-08-21,587,277,9,293.17,2638.53,0,PayPal,Phone,PW
217,2025-12-24,578,117,8,313.42,1880.52,25,Apple Pay,Online,GU
218,2025-10-01,434,783,5,292.99,1391.7,5,Apple Pay,Phone,HI
219,2026-01-24,81,333,6,50.77,228.47,25,Apple Pay,In-Store,OH
220,2026-02-13,470,733,3,189.5,483.22,15,Debit Card,Mobile App,PW
221,2025-05-18,320,351,2,98.52,197.04,0,PayPal,Mobile App,RI
222,2026-02-28,137,9,3,409.96,1168.39,5,Debit Card,Mobile App,MH
223,2025-07-24,65,168,7,385.59,2699.13,0,Credit Card,Online,AL
224,2025-07-31,361,379,6,498.04,2988.24,0,PayPal,Online,IL
225,2025-04-30,265,64,5,202.85,1014.25,0,Debit Card,Online,GU
226,2025-05-20,601,992,10,124.85,1123.65,10,PayPal,Phone,HI
227,2025-04-01,626,809,8,151.69,1213.52,0,Apple Pay,In-Store,AL
228,2025-04-17,637,257,2,14.9,29.8,0,Cash,Mobile App,ME
229,2026-02-23,900,337,4,480.63,1922.52,0,Apple Pay,In-Store,AR
230,2025-03-29,83,788,1,40.36,40.36,0,Apple Pay,Mobile App,MI
231,2025-07-12,194,614,3,363.44,817.74,25,PayPal,Online,MS
232,2026-02-06,482,312,8,431.59,3452.72,0,PayPal,Phone,TX
233,2025-06-15,597,891,5,221.91,943.12,15,PayPal,Mobile App,FM
234,2025-09-12,700,861,8,196.17,1569.36,0,PayPal,Online,AL
235,2025-08-18,521,661,1,481.51,481.51,0,Debit Card,Mobile App,LA
236,2025-09-04,34,128,8,122.3,733.8,25,Credit Card,Phone,NE
237,2025-08-23,985,663,8,223.57,1341.42,25,Debit Card,In-Store,MN
238,2025-04-05,312,273,2,361.01,685.92,5,Credit Card,Phone,NM
239,2025-07-22,361,546,6,83.93,428.04,15,Credit Card,In-Store,AK
240,2025-04-22,837,878,10,452.46,4298.37,5,PayPal,Phone,HI
241,2026-02-17,36,929,2,377.69,717.61,5,Debit Card,Online,TX
242,2025-06-18,115,6,5,376.06,1504.24,20,Cash,Online,NM
243,2025-05-12,500,724,9,47.31,340.63,20,Credit Card,In-Store,SC
244,2025-08-06,715,149,4,240.19,720.57,25,Apple Pay,Mobile App,MT
245,2025-09-06,874,740,7,106.22,706.36,5,Cash,Mobile App,IN
246,2026-01-21,341,451,5,167.21,794.25,5,Credit Card,Mobile App,KY
247,2025-06-12,292,588,6,15.59,93.54,0,Debit Card,In-Store,MP
248,2025-06-10,262,747,9,139.44,1129.46,10,Credit Card,In-Store,TN
249,2025-06-30,314,625,1,33.57,31.89,5,PayPal,Mobile App,MI
250,2025-11-30,589,668,4,242.56,970.24,0,PayPal,In-Store,SC
251,2025-08-22,863,2,5,112.75,563.75,0,Apple Pay,Online,ID
252,2025-06-08,433,206,2,192.22,384.44,0,Cash,Phone,NC
253,2025-11-28,561,788,5,142.17,710.85,0,Credit Card,Mobile App,WA
254,2025-12-11,591,654,2,119.34,238.68,0,Apple Pay,In-Store,ND
255,2025-10-27,538,447,5,296.43,1185.72,20,Cash,Phone,NC
256,2025-12-22,269,415,4,62.73,250.92,0,Cash,Mobile App,GU
257,2025-11-01,647,590,4,121.8,389.76,20,Apple Pay,Online,AR
258,2025-05-29,44,122,3,224.8,606.96,10,Apple Pay,Phone,IL
259,2025-03-30,302,87,10,7.21,64.89,10,Cash,Mobile App,WY
260,2025-03-28,562,503,4,207.6,830.4,0,Cash,In-Store,SD
261,2025-08-22,634,584,6,100.23,481.1,20,Debit Card,Online,NJ
262,2025-09-09,81,752,9,407.84,2936.45,20,Credit Card,In-Store,MN
263,2025-08-08,233,163,9,486.74,3942.59,10,Cash,Mobile App,TN
264,2025-11-28,96,412,10,301.43,2411.44,20,Cash,Phone,SC
265,2025-05-16,903,77,1,215.33,172.26,20,Cash,Mobile App,NV
266,2025-07-09,652,603,7,238.25,1417.59,15,Apple Pay,Phone,ND
267,2026-02-04,807,516,4,111.33,378.52,15,Debit Card,Mobile App,VI
268,2025-09-17,766,676,7,126.7,665.17,25,PayPal,Mobile App,RI
269,2025-07-06,734,263,7,210.22,1471.54,0,PayPal,Phone,CO
270,2025-09-30,151,317,10,143.97,1295.73,10,PayPal,In-Store,MN
271,2025-05-06,776,933,5,10.74,51.02,5,Apple Pay,Mobile App,WV
272,2025-11-27,51,689,5,88.85,377.61,15,Credit Card,Mobile App,VA
273,2025-12-02,794,73,10,45.11,451.1,0,Cash,Phone,AR
274,2025-03-04,857,240,3,374.79,1124.37,0,Cash,Online,NY
275,2025-11-14,360,245,9,48.99,396.82,10,PayPal,Mobile App,MS
276,2025-04-26,563,549,2,209.05,376.29,10,Apple Pay,Mobile App,WA
277,2025-10-22,711,208,3,210.76,632.28,0,Cash,In-Store,CA
278,2026-02-12,965,210,4,440.36,1673.37,5,Cash,Phone,MI
279,2025-08-17,218,484,2,341.78,581.03,15,Cash,In-Store,VI
280,2025-12-25,820,134,4,275.37,1046.41,5,Apple Pay,In-Store,PR
281,2026-02-26,386,918,3,478.38,1363.38,5,Credit Card,Online,AL
282,2025-07-14,592,186,10,118.13,885.97,25,Debit Card,In-Store,OK
283,2025-05-30,646,876,5,100.51,402.04,20,Cash,Phone,TX
284,2025-09-20,785,958,5,85.26,426.3,0,Debit Card,Mobile App,ND
285,2025-08-23,429,292,2,439.14,658.71,25,Debit Card,In-Store,NM
286,2026-01-21,686,602,7,449.23,2672.92,15,PayPal,In-Store,SD
287,2025-07-16,837,981,9,6.42,43.34,25,Cash,In-Store,MH
288,2025-05-01,671,46,4,182.08,655.49,10,PayPal,Phone,KY
289,2025-05-16,896,740,8,490.59,3728.48,5,Apple Pay,Mobile App,SD
290,2026-01-21,366,63,10,419.89,4198.9,0,PayPal,Mobile App,SC
291,2025-12-26,516,610,1,357.57,339.69,5,Debit Card,Online,NC
292,2025-08-25,982,954,1,467.31,397.21,15,Apple Pay,In-Store,KS
293,2025-10-31,815,999,4,52.5,210.0,0,Apple Pay,Mobile App,OR
294,2025-04-11,805,608,9,92.73,667.66,20,Apple Pay,Online,CA
295,2025-07-14,155,839,3,402.19,1085.91,10,Credit Card,Mobile App,LA
296,2025-08-23,814,738,4,389.61,1558.44,0,Apple Pay,Mobile App,MO
297,2025-04-18,599,385,9,377.63,3058.8,10,PayPal,Online,IA
298,2025-06-02,538,653,7,401.55,2670.31,5,Cash,Online,CA
299,2025-03-18,906,503,9,476.9,4077.49,5,Cash,Online,ND
300,2026-02-26,597,780,7,241.47,1352.23,20,PayPal,Mobile App,GA
301,2025-09-28,845,30,10,159.95,1599.5,0,Apple Pay,Mobile App,ND
302,2025-05-11,931,582,5,465.53,2211.27,5,PayPal,In-Store,MI
303,2025-05-02,905,129,5,160.6,762.85,5,PayPal,Online,KS
304,2026-01-28,292,432,1,311.56,280.4,10,PayPal,Online,ME
305,2026-02-09,319,274,3,441.34,1324.02,0,Debit Card,Mobile App,SD
306,2025-10-25,651,220,9,488.1,4173.26,5,Cash,Mobile App,NV
307,2025-03-19,745,743,1,60.93,54.84,10,PayPal,Mobile App,ME
308,2025-12-13,938,78,5,339.98,1359.92,20,Credit Card,Phone,UT
309,2025-06-29,245,9,7,6.93,46.08,5,Debit Card,In-Store,TN
310,2025-05-21,848,451,4,424.27,1697.08,0,Cash,Phone,OR
311,2025-03-27,590,403,2,267.36,454.51,15,Apple Pay,In-Store,MH
312,2026-02-04,620,203,10,138.83,1388.3,0,Apple Pay,Online,FM
313,2025-05-16,363,230,7,239.35,1591.68,5,Apple Pay,Mobile App,TN
314,2025-08-13,71,90,2,372.75,745.5,0,Credit Card,Online,VT
315,2026-02-19,678,851,7,87.63,613.41,0,Apple Pay,Mobile App,NM
316,2025-04-30,231,279,10,476.81,4291.29,10,Cash,In-Store,GU
317,2025-06-06,712,436,5,97.44,487.2,0,PayPal,Online,SD
318,2025-12-27,731,273,2,464.08,835.34,10,Apple Pay,Online,MO
319,2025-11-08,737,410,4,310.77,932.31,25,Credit Card,Mobile App,VI
320,2025-03-08,460,44,6,223.7,1207.98,10,Cash,Phone,FM
321,2025-06-10,38,38,6,377.26,2263.56,0,Cash,Phone,VI
322,2025-04-21,995,163,2,200.85,361.53,10,Apple Pay,Phone,DC
323,2025-03-24,131,774,3,184.12,552.36,0,Apple Pay,Mobile App,HI
324,2025-10-26,630,644,8,15.19,109.37,10,Debit Card,Online,MT
325,2026-01-04,964,218,1,430.28,430.28,0,Cash,Online,RI
326,2025-11-22,140,473,9,456.16,3284.35,20,Debit Card,In-Store,AL
327,2026-02-19,781,752,6,211.03,1266.18,0,Cash,In-Store,CA
328,2025-04-22,565,153,7,259.99,1728.93,5,PayPal,In-Store,MH
329,2026-01-07,322,783,3,365.16,931.16,15,Debit Card,Online,VI
330,2026-02-01,322,443,7,329.21,1958.8,15,Apple Pay,Phone,NJ
331,2025-05-03,812,89,9,460.73,4146.57,0,Debit Card,Phone,NC
332,2026-01-15,7,45,5,47.21,236.05,0,Apple Pay,Online,GU
333,2026-01-28,925,236,4,360.65,1442.6,0,Credit Card,In-Store,PA
334,2025-03-04,543,400,4,119.78,359.34,25,Apple Pay,In-Store,GU
335,2025-04-23,641,164,6,240.21,1441.26,0,Credit Card,In-Store,GA
336,2025-08-30,483,727,8,116.23,929.84,0,Credit Card,Online,OR
337,2025-11-03,60,601,8,478.4,3827.2,0,Credit Card,In-Store,MP
338,2025-10-04,393,450,10,83.57,668.56,20,Apple Pay,In-Store,LA
339,2026-02-01,179,663,5,428.46,2142.3,0,Apple Pay,In-Store,MS
340,2025-03-27,803,161,10,246.13,1845.98,25,Credit Card,Mobile App,MP
341,2026-01-12,924,739,5,454.74,1818.96,20,PayPal,Mobile App,TX
342,2025-07-21,563,817,6,37.62,225.72,0,Apple Pay,Phone,CA
343,2025-04-23,344,887,10,65.44,654.4,0,Cash,Online,MO
344,2025-05-31,154,758,6,158.83,905.33,5,Debit Card,In-Store,VT
345,2025-10-25,347,325,9,257.61,1738.87,25,Debit Card,Online,AS
346,2025-09-24,125,413,4,77.23,308.92,0,Credit Card,Mobile App,NH
347,2026-02-11,857,514,9,216.51,1851.16,5,Apple Pay,In-Store,DE
348,2025-12-31,699,84,5,137.08,616.86,10,PayPal,Mobile App,FL
349,2026-02-26,984,875,1,245.78,245.78,0,PayPal,Online,CA
350,2025-03-10,29,329,5,463.11,2199.77,5,PayPal,Mobile App,TN
351,2026-02-13,70,198,7,392.56,2198.34,20,Debit Card,Mobile App,GA
352,2025-03-06,646,468,8,156.4,1126.08,10,Apple Pay,Mobile App,UT
353,2026-01-25,729,42,7,449.46,2831.6,10,Cash,Online,NE
354,2025-05-12,307,21,6,472.29,2833.74,0,Credit Card,Online,HI
355,2025-11-06,371,772,5,43.06,183.0,15,Cash,Phone,WA
356,2025-06-07,806,810,10,319.7,2557.6,20,Credit Card,Mobile App,GU
357,2025-06-21,457,267,9,116.98,842.26,20,Cash,In-Store,OH
358,2025-03-15,20,28,7,60.57,423.99,0,Cash,Phone,IA
359,2025-11-15,445,393,3,219.14,624.55,5,Apple Pay,Mobile App,CO
360,2025-07-07,130,98,1,338.23,338.23,0,Cash,Online,SD
361,2026-02-28,457,433,1,176.96,176.96,0,Cash,Mobile App,AK
362,2026-02-16,538,579,10,12.51,125.1,0,Cash,Mobile App,NM
363,2025-05-06,567,243,8,283.27,2266.16,0,PayPal,Phone,WY
364,2025-03-20,31,820,10,172.24,1550.16,10,Cash,In-Store,WA
365,2025-06-21,792,746,9,255.46,2299.14,0,Apple Pay,Online,ME
366,2025-12-20,964,20,2,361.46,650.63,10,PayPal,Mobile App,MI
367,2025-11-10,401,443,5,365.45,1461.8,20,Credit Card,Phone,MT
368,2025-05-21,741,972,10,286.13,2861.3,0,Apple Pay,Mobile App,SD
369,2026-01-17,931,262,5,50.45,214.41,15,Debit Card,Online,KS
370,2025-04-11,132,162,9,426.63,2879.75,25,PayPal,Phone,IN
371,2025-06-02,35,545,9,70.7,636.3,0,Apple Pay,In-Store,WI
372,2025-05-30,932,808,5,129.16,613.51,5,Credit Card,Online,MN
373,2025-06-29,200,907,8,376.84,2261.04,25,Debit Card,Online,FM
374,2025-04-19,700,717,10,467.63,4208.67,10,Credit Card,In-Store,GA
375,2025-07-04,975,43,2,74.03,140.66,5,Debit Card,Online,MT
376,2025-05-17,846,569,5,335.94,1259.78,25,Credit Card,Online,IN
377,2025-11-25,832,363,8,494.91,3761.32,5,Debit Card,Phone,OK
378,2025-07-25,212,987,9,143.6,1163.16,10,Cash,Phone,AR
379,2025-03-02,964,307,5,365.07,1734.08,5,Cash,In-Store,WA
380,2025-08-23,178,569,5,61.68,308.4,0,Debit Card,Mobile App,MS
381,2025-10-03,335,828,1,482.21,482.21,0,Debit Card,Online,RI
382,2025-07-19,411,476,1,235.08,211.57,10,Debit Card,Phone,NH
383,2025-12-02,862,953,5,170.03,850.15,0,Apple Pay,Online,CT
384,2025-12-28,754,891,7,47.27,330.89,0,Credit Card,Phone,NV
385,2025-05-18,916,427,7,191.75,1140.91,15,Debit Card,Phone,PR
386,2025-09-15,622,920,1,205.93,195.63,5,PayPal,Phone,SD
387,2025-12-02,471,134,6,365.62,2193.72,0,Cash,Phone,DE
388,2026-01-02,600,253,10,181.84,1363.8,25,Cash,Mobile App,KS
389,2025-12-26,255,969,6,460.7,2764.2,0,Apple Pay,Phone,RI
390,2026-02-13,92,178,1,235.5,200.17,15,Cash,Online,AL
391,2025-11-09,91,503,7,454.51,3022.49,5,Credit Card,Online,MN
392,2025-09-13,833,517,7,269.72,1510.43,20,PayPal,Mobile App,RI
393,2026-01-27,930,865,9,392.05,2646.34,25,Cash,Online,IN
394,2025-09-02,369,377,9,81.77,735.93,0,Cash,In-Store,MA
395,2025-10-23,425,980,9,407.16,2931.55,20,Apple Pay,Phone,OH
396,2025-07-21,70,424,3,495.91,1413.34,5,Cash,Mobile App,OR
397,2025-07-17,131,507,10,205.75,1851.75,10,Cash,Mobile App,AR
398,2025-06-23,382,783,9,51.11,459.99,0,PayPal,Mobile App,PA
399,2025-05-31,33,591,8,477.37,3437.06,10,Cash,Online,NY
400,2025-07-15,906,722,7,55.38,329.51,15,Cash,In-Store,MI
401,2025-06-17,687,271,3,305.12,686.52,25,Credit Card,Online,AZ
402,2026-01-30,972,344,10,259.59,2595.9,0,PayPal,Online,CT
403,2025-11-27,575,560,5,64.52,258.08,20,Debit Card,In-Store,CO
404,2025-05-02,807,981,2,176.49,317.68,10,Apple Pay,In-Store,MS
405,2025-03-08,513,360,10,40.16,401.6,0,PayPal,In-Store,CT
406,2025-04-27,688,39,10,88.34,883.4,0,Credit Card,In-Store,WI
407,2025-10-21,739,70,1,329.11,312.65,5,Debit Card,Phone,MD
408,2025-06-08,647,561,8,475.05,2850.3,25,PayPal,In-Store,NH
409,2026-01-04,629,283,5,209.76,1048.8,0,Debit Card,Phone,MA
410,2025-10-22,474,782,10,338.44,3384.4,0,Debit Card,Phone,AZ
411,2025-09-02,762,948,8,348.6,2231.04,20,Apple Pay,Mobile App,IN
412,2025-09-14,959,464,3,396.52,1189.56,0,Cash,Online,KY
413,2026-01-10,398,416,2,230.95,346.42,25,Credit Card,Mobile App,SC
414,2025-04-08,40,859,9,246.15,2215.35,0,Apple Pay,In-Store,FL
415,2025-05-20,687,265,9,167.0,1503.0,0,Apple Pay,Online,WI
416,2025-11-16,832,342,3,49.62,148.86,0,Credit Card,Online,MP
417,2025-10-04,269,432,9,428.77,2894.2,25,PayPal,Online,AZ
418,2025-10-14,629,399,5,421.53,2107.65,0,Cash,Mobile App,MN
419,2025-03-16,211,96,7,363.28,2542.96,0,Apple Pay,In-Store,MO
420,2025-04-03,325,346,10,457.48,4574.8,0,Debit Card,Mobile App,TN
421,2025-04-24,534,534,2,433.08,649.62,25,Credit Card,Mobile App,MA
422,2025-04-23,987,291,7,484.18,2541.95,25,PayPal,Phone,MO
423,2025-12-31,285,606,2,62.31,99.7,20,Credit Card,Mobile App,PW
424,2025-10-24,379,325,10,320.45,2403.38,25,Credit Card,In-Store,NC
425,2026-01-01,613,819,5,324.6,1623.0,0,Debit Card,In-Store,NY
426,2025-11-30,580,88,3,443.15,1329.45,0,PayPal,Phone,WA
427,2025-12-10,561,284,1,239.34,239.34,0,PayPal,Mobile App,VI
428,2025-12-03,630,686,6,376.15,1918.36,15,Credit Card,Phone,MI
429,2025-08-15,548,390,8,168.92,1283.79,5,Debit Card,In-Store,OH
430,2025-10-18,732,546,1,88.78,71.02,20,Apple Pay,Mobile App,NJ
431,2026-01-04,769,112,2,10.03,17.05,15,PayPal,In-Store,FM
432,2025-07-06,350,819,2,326.65,653.3,0,Apple Pay,Mobile App,NC
433,2025-07-03,148,549,2,168.62,286.65,15,Cash,Phone,AL
434,2025-05-30,837,344,7,324.75,1704.94,25,Debit Card,Mobile App,CA
435,2025-10-22,456,644,9,17.59,158.31,0,Credit Card,Mobile App,LA
436,2025-09-13,830,635,9,116.2,836.64,20,PayPal,Mobile App,OR
437,2025-10-04,259,84,9,224.65,1819.67,10,Debit Card,Online,WV
438,2025-08-06,803,566,3,227.54,546.1,20,Credit Card,Mobile App,MO
439,2025-08-25,655,797,1,345.92,294.03,15,Debit Card,In-Store,ID
440,2025-03-22,891,585,1,35.25,26.44,25,Cash,Phone,GA
441,2025-06-26,526,441,7,127.43,758.21,15,Credit Card,Phone,DC
442,2026-02-19,336,599,9,479.81,4318.29,0,Cash,Mobile App,WA
443,2025-05-18,825,56,3,350.81,1052.43,0,Debit Card,Mobile App,SD
444,2025-04-16,274,389,3,308.93,787.77,15,Debit Card,Online,MD
445,2025-10-27,357,79,3,253.83,685.34,10,Debit Card,Phone,DE
446,2025-12-01,676,32,1,282.09,267.99,5,Debit Card,Mobile App,IL
447,2025-06-24,329,242,6,90.12,540.72,0,Apple Pay,Online,MP
448,2025-07-29,143,106,8,90.3,541.8,25,Apple Pay,Phone,DE
449,2025-12-29,239,18,9,268.41,2415.69,0,Cash,Mobile App,OK
450,2025-07-28,962,740,5,233.41,875.29,25,PayPal,Phone,AS
451,2025-08-31,229,503,7,340.91,2267.05,5,PayPal,In-Store,VT
452,2025-03-29,483,927,4,199.63,798.52,0,Credit Card,Online,SC
453,2025-03-06,479,711,5,319.51,1517.67,5,Apple Pay,Mobile App,AK
454,2025-07-25,295,86,5,194.05,873.23,10,Credit Card,Mobile App,OK
455,2025-11-19,231,568,3,180.99,434.38,20,PayPal,Phone,VT
456,2025-10-24,590,598,1,55.43,55.43,0,Debit Card,In-Store,ID
457,2025-12-21,14,80,7,271.09,1802.75,5,Apple Pay,Online,NC
458,2025-06-08,939,614,3,249.96,749.88,0,PayPal,Phone,DE
459,2025-11-13,967,186,8,324.66,2077.82,20,Cash,Phone,CT
460,2026-02-26,722,121,10,164.31,1643.1,0,PayPal,Mobile App,MI
461,2025-09-22,847,690,2,475.64,761.02,20,Debit Card,Online,MS
462,2025-11-27,274,624,6,24.21,145.26,0,Credit Card,Online,TN
463,2025-12-03,741,735,9,219.7,1779.57,10,Apple Pay,Online,GU
464,2025-11-05,6,523,10,130.81,1111.88,15,Credit Card,Online,AR
465,2025-08-20,123,629,8,171.45,1165.86,15,Debit Card,Online,AR
466,2025-11-17,995,472,9,138.83,999.58,20,Cash,Mobile App,CT
467,2025-08-11,584,170,9,412.42,3155.01,15,PayPal,Mobile App,VA
468,2025-11-16,208,902,3,455.63,1366.89,0,Credit Card,Online,MP
469,2025-05-31,462,293,6,39.79,202.93,15,Apple Pay,Mobile App,CA
470,2025-07-21,189,1,4,47.47,189.88,0,Credit Card,Phone,AZ
471,2026-01-16,355,988,8,57.29,435.4,5,Credit Card,In-Store,KS
472,2026-02-28,448,743,5,474.65,2017.26,15,Credit Card,Online,LA
473,2025-06-06,486,412,7,51.95,290.92,20,Debit Card,In-Store,FM
474,2025-06-01,85,407,3,55.17,165.51,0,Credit Card,Online,MT
475,2025-04-16,1000,319,7,26.44,157.32,15,Cash,In-Store,MS
476,2026-01-05,105,716,4,475.62,1426.86,25,Cash,In-Store,NV
477,2025-08-08,875,198,10,78.24,782.4,0,Cash,Phone,VI
478,2026-01-24,382,758,6,436.81,2096.69,20,PayPal,Phone,MS
479,2025-10-24,475,190,5,196.17,980.85,0,Credit Card,In-Store,GA
480,2025-08-28,217,358,6,446.65,2009.92,25,Credit Card,Online,MD
481,2025-06-28,310,89,5,80.09,320.36,20,Apple Pay,Online,IA
482,2026-01-03,433,975,4,245.44,981.76,0,Credit Card,Phone,SC
483,2025-09-09,153,361,8,136.22,1035.27,5,Credit Card,In-Store,OK
484,2026-02-09,27,945,4,107.88,409.94,5,Cash,Mobile App,ME
485,2026-02-22,693,845,5,65.6,246.0,25,PayPal,Mobile App,GA
486,2025-04-06,975,868,6,240.78,1444.68,0,Cash,Phone,MN
487,2025-09-10,93,700,9,16.61,142.02,5,Debit Card,Phone,OH
488,2025-06-17,341,335,8,99.37,675.72,15,Apple Pay,In-Store,MN
489,2025-03-11,612,886,10,331.92,2489.4,25,Debit Card,Mobile App,TX
490,2026-01-29,787,31,6,407.79,1957.39,20,Apple Pay,Mobile App,LA
491,2025-07-22,225,498,6,256.87,1464.16,5,PayPal,Phone,RI
492,2025-10-18,307,421,6,167.06,801.89,20,Cash,Phone,MT
493,2026-02-09,688,837,3,484.93,1382.05,5,Cash,Mobile App,NE
494,2025-10-15,334,242,2,246.9,395.04,20,Apple Pay,In-Store,NM
495,2025-12-16,651,736,6,118.39,532.75,25,Apple Pay,Online,OR
496,2026-02-28,947,950,10,106.5,1065.0,0,Debit Card,Online,IA
497,2026-02-15,857,223,3,128.42,385.26,0,Debit Card,Phone,AS
498,2025-10-17,885,720,9,90.75,816.75,0,Cash,Phone,NE
499,2025-05-02,250,233,3,319.52,958.56,0,Apple Pay,Online,PA
500,2026-01-14,278,267,5,426.93,2134.65,0,Apple Pay,Mobile App,SD
501,2025-04-01,138,709,2,120.4,240.8,0,Apple Pay,Mobile App,HI
502,2025-08-09,228,433,2,145.51,261.92,10,PayPal,Online,IN
503,2026-02-13,964,820,5,185.6,835.2,10,Debit Card,Mobile App,NM
504,2025-11-16,115,513,10,64.22,642.2,0,Credit Card,Phone,AL
505,2025-04-06,638,201,4,45.94,183.76,0,Apple Pay,Phone,CO
506,2025-12-06,949,382,2,342.47,684.94,0,Debit Card,Mobile App,DE
507,2025-04-23,26,722,4,181.21,724.84,0,Credit Card,Mobile App,AZ
508,2025-05-16,24,465,1,21.75,17.4,20,Cash,Mobile App,TX
509,2025-05-08,65,263,7,363.04,1905.96,25,Credit Card,Online,ID
510,2025-04-16,248,303,4,154.95,495.84,20,Cash,In-Store,AL
511,2025-06-27,918,217,9,64.11,432.74,25,PayPal,Phone,NC
512,2025-10-30,205,665,8,495.0,3168.0,20,Credit Card,In-Store,NC
513,2025-08-15,778,731,7,256.14,1792.98,0,PayPal,Phone,FL
514,2025-12-06,546,412,7,196.25,1373.75,0,Debit Card,Mobile App,VT
515,2025-05-14,29,484,2,189.01,340.22,10,Debit Card,Phone,MS
516,2025-08-05,424,283,2,80.21,136.36,15,PayPal,Online,AZ
517,2025-03-30,107,751,7,452.95,3012.12,5,Apple Pay,Mobile App,OK
518,2026-03-02,11,316,2,138.74,277.48,0,Cash,Mobile App,HI
519,2026-02-16,429,334,10,183.52,1468.16,20,PayPal,Mobile App,IN
520,2025-12-02,39,759,6,89.64,403.38,25,Cash,Mobile App,TN
521,2025-04-05,320,247,9,46.37,417.33,0,Cash,Mobile App,ND
522,2025-09-20,606,858,7,413.76,2896.32,0,PayPal,Online,OH
523,2025-06-02,573,50,8,360.27,2161.62,25,PayPal,In-Store,ID
524,2025-05-07,799,275,8,348.47,2787.76,0,PayPal,Online,MD
525,2025-06-08,457,104,10,387.23,3678.68,5,Cash,Mobile App,MD
526,2025-11-14,843,647,2,100.89,161.42,20,Debit Card,Online,MH
527,2025-09-28,679,638,6,23.82,121.48,15,Cash,In-Store,VI
528,2025-11-25,578,808,8,72.39,579.12,0,Cash,Phone,GA
529,2025-10-28,76,32,5,34.29,171.45,0,Debit Card,In-Store,MA
530,2025-10-29,89,512,10,268.44,2684.4,0,PayPal,Phone,VA
531,2025-08-28,399,58,4,47.86,191.44,0,Cash,In-Store,NH
532,2025-08-02,973,419,1,460.49,414.44,10,Apple Pay,Phone,NJ
533,2025-08-26,808,237,2,378.56,681.41,10,PayPal,Mobile App,MN
534,2026-02-16,154,415,2,479.69,719.53,25,PayPal,Phone,HI
535,2025-05-02,996,676,2,132.5,251.75,5,Apple Pay,Online,ME
536,2025-05-15,26,24,4,305.83,1223.32,0,Debit Card,In-Store,IA
537,2025-10-18,334,356,4,284.63,1024.67,10,PayPal,Phone,MH
538,2025-05-15,565,56,7,225.63,1500.44,5,Debit Card,Mobile App,MD
539,2025-10-28,954,652,8,345.5,2211.2,20,Credit Card,Phone,MN
540,2025-05-06,569,215,8,380.03,2584.2,15,Debit Card,Mobile App,TX
541,2025-09-07,404,619,8,133.25,1066.0,0,PayPal,Mobile App,SD
542,2025-11-27,991,308,2,117.55,211.59,10,Credit Card,Mobile App,HI
543,2025-05-15,477,801,8,412.14,3297.12,0,PayPal,Mobile App,GA
544,2025-08-12,218,413,6,41.26,247.56,0,PayPal,Mobile App,VI
545,2025-06-23,803,318,10,106.37,1063.7,0,Apple Pay,Online,MP
546,2025-04-20,291,258,5,79.71,378.62,5,PayPal,Phone,RI
547,2025-08-08,155,913,1,294.33,279.61,5,Debit Card,In-Store,NH
548,2025-10-01,172,301,1,166.52,133.22,20,Debit Card,Phone,GA
549,2025-05-14,22,381,4,447.96,1791.84,0,Debit Card,Mobile App,AK
550,2025-12-07,255,974,4,74.21,267.16,10,Debit Card,In-Store,NH
551,2025-11-25,194,901,1,419.51,419.51,0,PayPal,Mobile App,CO
552,2025-08-06,190,659,9,200.21,1351.42,25,Apple Pay,Online,MD
553,2026-02-13,524,497,4,162.04,550.94,15,PayPal,Online,OR
554,2025-07-17,331,712,6,160.6,819.06,15,Cash,Mobile App,MN
555,2026-01-03,990,601,9,139.87,1258.83,0,Debit Card,Online,MI
556,2025-04-18,465,576,10,112.31,1123.1,0,Debit Card,Online,OK
557,2025-10-20,354,609,6,196.11,1117.83,5,Credit Card,In-Store,ND
558,2025-03-17,847,424,10,20.68,175.78,15,Credit Card,Online,GU
559,2025-09-22,209,689,4,480.11,1536.35,20,Cash,In-Store,NC
560,2026-02-20,813,700,8,419.56,3356.48,0,Cash,Phone,ND
561,2025-04-19,229,721,6,117.3,703.8,0,Debit Card,Phone,FL
562,2025-12-26,415,274,10,88.32,706.56,20,Cash,Online,SC
563,2025-09-03,740,681,7,248.49,1739.43,0,Cash,Online,MS
564,2025-12-07,23,308,8,470.41,3763.28,0,Credit Card,Mobile App,NE
565,2025-07-22,654,587,7,239.91,1343.5,20,PayPal,Mobile App,TX
566,2025-03-04,525,402,8,379.62,2733.26,10,PayPal,Phone,PR
567,2025-06-17,594,628,4,351.05,1404.2,0,Debit Card,Online,CA
568,2025-12-21,92,352,1,485.42,485.42,0,Credit Card,Online,CA
569,2025-05-19,100,151,2,289.55,579.1,0,PayPal,In-Store,NJ
570,2025-06-19,94,891,3,343.79,1031.37,0,Cash,Mobile App,RI
571,2025-07-25,390,796,5,186.46,792.46,15,Cash,Phone,MN
572,2025-09-24,445,440,4,352.97,1411.88,0,Debit Card,In-Store,GA
573,2025-06-13,944,810,2,200.3,360.54,10,PayPal,In-Store,MD
574,2025-10-13,594,527,4,170.92,649.5,5,Cash,Phone,NE
575,2025-11-09,910,390,9,349.74,3147.66,0,Credit Card,Mobile App,OR
576,2026-01-27,384,242,8,466.7,2986.88,20,Debit Card,Mobile App,AK
577,2025-07-30,593,372,1,41.75,31.31,25,Apple Pay,In-Store,MH
578,2025-10-29,445,81,8,409.02,2617.73,20,PayPal,Phone,HI
579,2025-09-04,565,36,5,338.79,1693.95,0,Credit Card,Mobile App,AL
580,2025-11-30,595,167,1,126.61,126.61,0,PayPal,Online,AK
581,2025-09-26,225,621,6,165.86,746.37,25,Debit Card,In-Store,KY
582,2025-10-08,775,282,7,24.33,153.28,10,Cash,Phone,MO
583,2026-01-05,889,871,2,175.71,281.14,20,Cash,Phone,RI
584,2025-11-12,706,422,5,202.56,1012.8,0,Credit Card,Mobile App,ND
585,2025-05-02,48,14,5,413.78,1551.67,25,PayPal,Phone,FL
586,2025-08-13,77,260,5,319.73,1518.72,5,Apple Pay,Online,PW
587,2025-10-14,162,714,10,306.7,2300.25,25,Debit Card,Mobile App,MO
588,2025-03-31,664,377,9,456.7,4110.3,0,Cash,Phone,IL
589,2025-11-09,229,306,8,183.33,1466.64,0,PayPal,In-Store,WY
590,2025-05-15,33,167,8,52.27,355.44,15,PayPal,Mobile App,MT
591,2025-03-17,711,459,3,90.87,258.98,5,Cash,Phone,AZ
592,2025-04-21,322,730,9,25.06,225.54,0,Apple Pay,Online,WY
593,2025-03-14,750,588,5,470.16,1998.18,15,Cash,In-Store,NE
594,2026-01-28,610,587,8,228.76,1830.08,0,Credit Card,Phone,MS
595,2025-03-24,290,725,4,409.23,1391.38,15,Credit Card,Online,WI
596,2025-06-21,69,299,7,276.57,1935.99,0,Credit Card,Online,MS
597,2025-08-25,970,619,8,107.95,777.24,10,Credit Card,Online,VA
598,2025-05-27,159,365,4,55.8,212.04,5,Credit Card,Mobile App,SC
599,2025-11-24,683,845,4,318.05,954.15,25,Credit Card,Mobile App,MO
600,2025-06-28,957,539,5,187.55,890.86,5,Credit Card,Phone,NM
601,2025-10-21,68,499,3,458.76,1376.28,0,Apple Pay,Online,MA
602,2025-11-11,720,581,3,249.88,712.16,5,Cash,Mobile App,VA
603,2026-01-03,989,78,9,369.33,3323.97,0,PayPal,In-Store,GA
604,2025-09-30,788,359,10,188.01,1786.09,5,Apple Pay,Phone,DC
605,2025-06-29,264,991,9,494.71,3784.53,15,Debit Card,Mobile App,DC
606,2025-05-28,484,335,9,434.86,3718.05,5,Debit Card,Mobile App,AZ
607,2025-12-03,291,3,8,258.87,2070.96,0,Credit Card,Phone,IN
608,2025-05-01,115,553,7,350.83,1841.86,25,Credit Card,Online,WA
609,2025-04-01,13,161,3,99.89,254.72,15,Debit Card,Phone,VI
610,2025-04-13,723,130,10,177.95,1779.5,0,Apple Pay,Online,OK
611,2026-01-25,272,522,9,67.8,488.16,20,Apple Pay,Mobile App,DC
612,2025-07-18,282,74,7,308.38,1834.86,15,Apple Pay,In-Store,MD
613,2025-03-26,29,901,10,69.83,698.3,0,Apple Pay,Online,NH
614,2025-06-29,821,196,10,166.2,1495.8,10,PayPal,In-Store,AK
615,2025-09-30,489,545,5,56.87,284.35,0,Credit Card,In-Store,AL
616,2025-12-18,458,255,7,470.28,3291.96,0,PayPal,Mobile App,CO
617,2025-11-10,846,385,5,170.24,851.2,0,Credit Card,Phone,WY
618,2025-04-09,307,360,5,73.13,274.24,25,Apple Pay,Online,IL
619,2025-08-09,581,746,3,293.63,880.89,0,Debit Card,Phone,UT
620,2025-06-09,184,635,9,316.53,2136.58,25,Credit Card,Mobile App,MN
621,2025-03-18,421,19,5,443.87,2219.35,0,Debit Card,Online,WY
622,2025-09-12,711,688,2,281.87,479.18,15,Credit Card,In-Store,OR
623,2026-03-02,196,307,9,449.85,4048.65,0,PayPal,In-Store,IA
624,2025-09-24,625,330,1,395.86,356.27,10,Cash,Online,ID
625,2026-02-20,223,586,3,298.96,717.5,20,Credit Card,In-Store,MO
626,2025-06-01,723,675,3,14.0,42.0,0,Apple Pay,In-Store,MP
627,2025-10-25,940,112,10,320.16,3201.6,0,Apple Pay,Online,MO
628,2026-01-06,611,878,1,357.82,322.04,10,Credit Card,Mobile App,NV
629,2025-03-26,770,985,2,105.61,158.41,25,PayPal,Online,AL
630,2025-12-10,204,256,10,12.16,97.28,20,PayPal,Phone,UT
631,2025-12-22,134,117,1,68.45,68.45,0,Apple Pay,Online,MI
632,2025-06-06,752,834,6,180.58,1029.31,5,Credit Card,Mobile App,IA
633,2025-06-18,838,675,2,191.7,345.06,10,Apple Pay,Mobile App,FL
634,2025-05-09,587,596,3,165.76,422.69,15,PayPal,Online,OH
635,2025-04-18,219,630,10,132.98,1063.84,20,Apple Pay,Online,TN
636,2025-04-07,355,888,3,196.09,588.27,0,PayPal,In-Store,NC
637,2025-09-17,127,103,6,268.4,1610.4,0,Credit Card,Phone,GA
638,2025-09-09,691,122,9,498.29,4484.61,0,Cash,Online,KS
639,2025-08-06,227,595,4,50.67,162.14,20,Debit Card,In-Store,IN
640,2025-09-25,287,164,4,125.81,377.43,25,Apple Pay,Phone,ID
641,2025-12-22,128,902,3,360.61,811.37,25,Cash,Phone,KY
642,2025-11-03,892,525,2,465.87,698.81,25,Debit Card,Phone,GU
643,2026-01-24,577,762,10,179.17,1791.7,0,Cash,Mobile App,CT
644,2025-05-16,857,987,2,33.91,64.43,5,Credit Card,In-Store,OK
645,2025-12-04,165,810,10,476.82,4768.2,0,Debit Card,Phone,MA
646,2025-03-02,362,242,10,388.89,3888.9,0,Credit Card,In-Store,AZ
647,2025-06-27,34,548,9,327.65,2948.85,0,PayPal,Mobile App,ND
648,2025-05-13,788,249,1,425.97,383.37,10,Credit Card,Online,OK
649,2025-04-02,780,877,4,317.8,953.4,25,Debit Card,Online,CA
650,2025-12-21,513,213,7,89.83,565.93,10,Debit Card,Online,MD
651,2025-10-28,631,440,9,422.17,3039.62,20,Credit Card,Mobile App,IL
652,2025-04-06,673,273,1,324.18,324.18,0,PayPal,Online,ND
653,2025-11-12,785,693,2,35.61,71.22,0,Cash,Online,DC
654,2025-04-10,178,380,9,442.79,2988.83,25,Apple Pay,Mobile App,NH
655,2025-11-07,282,335,9,106.8,961.2,0,Credit Card,Mobile App,OH
656,2025-04-18,214,739,6,449.01,2559.36,5,Cash,Mobile App,HI
657,2025-05-11,7,686,6,150.44,902.64,0,Cash,In-Store,NY
658,2025-03-10,724,442,3,9.99,26.97,10,Apple Pay,Online,VA
659,2026-02-19,311,711,8,54.02,324.12,25,Debit Card,In-Store,GU
660,2025-06-29,24,819,7,422.84,2959.88,0,Debit Card,Mobile App,IL
661,2025-12-12,208,660,10,318.53,2866.77,10,Cash,Mobile App,TX
662,2026-02-02,971,853,10,375.2,3564.4,5,Credit Card,Phone,MD
663,2025-05-04,69,848,5,374.88,1499.52,20,Cash,In-Store,TN
664,2025-03-06,885,465,1,275.06,275.06,0,Debit Card,Mobile App,ID
665,2025-05-28,400,351,1,415.41,415.41,0,Apple Pay,In-Store,NC
666,2025-07-12,544,424,4,424.74,1698.96,0,Credit Card,Online,WI
667,2025-09-09,252,710,2,431.66,690.66,20,Apple Pay,Mobile App,VT
668,2025-04-20,147,644,1,362.2,307.87,15,PayPal,In-Store,LA
669,2025-04-16,554,514,1,70.93,67.38,5,PayPal,In-Store,MI
670,2025-08-11,405,590,2,121.82,207.09,15,Cash,Phone,ME
671,2025-07-15,734,621,5,311.56,1479.91,5,PayPal,In-Store,KS
672,2026-02-14,753,86,8,76.48,489.47,20,Cash,Online,DE
673,2025-08-11,707,623,9,157.45,1346.2,5,PayPal,In-Store,AZ
674,2025-08-07,661,313,6,260.49,1328.5,15,Apple Pay,Phone,MN
675,2025-05-02,79,270,8,391.28,2660.7,15,Credit Card,Online,KY
676,2025-08-13,725,11,9,381.49,3261.74,5,Cash,In-Store,NM
677,2025-09-10,960,297,10,314.39,2515.12,20,Apple Pay,In-Store,LA
678,2025-03-17,715,352,3,354.49,1063.47,0,Apple Pay,Mobile App,SD
679,2025-12-02,821,565,2,346.6,623.88,10,Credit Card,Online,WV
680,2025-11-15,922,301,6,298.88,1793.28,0,Debit Card,Mobile App,PA
681,2025-12-26,882,10,2,317.75,571.95,10,Credit Card,In-Store,MP
682,2026-01-02,718,78,5,102.96,514.8,0,Apple Pay,Online,PR
683,2025-06-04,764,821,4,347.98,1391.92,0,Apple Pay,Online,IA
684,2025-05-07,142,883,5,118.62,593.1,0,Cash,Phone,NY
685,2025-12-03,701,699,4,54.2,216.8,0,Apple Pay,Phone,MO
686,2026-02-01,427,15,8,81.86,523.9,20,Cash,In-Store,NE
687,2025-06-06,659,569,10,442.15,4421.5,0,Apple Pay,Mobile App,FL
688,2026-01-09,361,729,6,11.05,56.36,15,Cash,In-Store,GU
689,2026-01-15,490,678,5,356.81,1784.05,0,Credit Card,In-Store,HI
690,2025-04-18,672,781,9,315.12,2552.47,10,Cash,Online,AZ
691,2025-03-18,615,421,10,104.18,885.53,15,Debit Card,Online,ME
692,2025-05-31,155,826,10,404.39,4043.9,0,Credit Card,Mobile App,WY
693,2025-12-03,231,523,3,390.8,1055.16,10,Credit Card,In-Store,LA
694,2025-12-11,373,452,2,438.35,876.7,0,Apple Pay,Phone,UT
695,2025-03-03,835,857,2,83.86,167.72,0,Apple Pay,Mobile App,AK
696,2025-07-09,203,864,7,253.24,1506.78,15,Apple Pay,Mobile App,AS
697,2025-08-21,290,156,1,200.61,200.61,0,Debit Card,In-Store,NM
698,2025-04-05,669,773,6,381.92,1718.64,25,Credit Card,In-Store,MH
699,2025-04-23,832,788,8,68.86,495.79,10,Debit Card,Phone,HI
700,2026-01-12,41,266,1,276.21,248.59,10,Cash,Mobile App,SD
701,2025-07-27,830,335,1,260.51,234.46,10,Cash,Online,CO
702,2025-08-21,88,840,8,364.18,2913.44,0,PayPal,In-Store,MP
703,2025-12-26,310,131,1,364.28,327.85,10,Apple Pay,Mobile App,LA
704,2025-05-20,561,766,3,381.64,1087.67,5,Apple Pay,Mobile App,MH
705,2025-07-01,617,145,5,297.05,1188.2,20,Cash,Phone,NM
706,2025-12-07,219,840,10,252.87,1896.52,25,PayPal,In-Store,WI
707,2025-03-17,210,914,4,283.98,965.53,15,Cash,Phone,LA
708,2025-08-01,28,348,9,378.82,2897.97,15,Apple Pay,Mobile App,WI
709,2025-09-19,651,97,2,257.05,411.28,20,Debit Card,Mobile App,FM
710,2025-05-05,550,479,2,394.8,750.12,5,PayPal,Mobile App,MS
711,2025-04-29,322,902,6,124.4,746.4,0,Apple Pay,Phone,WV
712,2026-02-21,630,513,9,116.8,1051.2,0,Cash,Mobile App,DE
713,2025-04-12,595,470,10,276.41,2073.08,25,Credit Card,In-Store,MN
714,2025-04-09,280,224,9,96.16,865.44,0,Debit Card,In-Store,DC
715,2025-11-26,418,982,2,171.26,308.27,10,Credit Card,Online,AS
716,2025-04-14,828,700,9,344.19,2787.94,10,Apple Pay,Phone,MI
717,2025-04-11,776,614,2,183.15,293.04,20,Apple Pay,Mobile App,IL
718,2025-06-08,104,920,3,481.66,1444.98,0,Apple Pay,Online,MI
719,2026-02-24,614,989,1,334.34,317.62,5,Debit Card,In-Store,AS
720,2025-07-30,492,433,4,451.61,1806.44,0,Credit Card,Online,IN
721,2025-09-15,568,735,9,364.02,3276.18,0,Apple Pay,Phone,NV
722,2025-06-10,934,640,8,277.51,1665.06,25,Debit Card,Mobile App,GA
723,2025-05-08,324,582,5,380.21,1710.94,10,Cash,In-Store,VI
724,2025-08-25,774,290,5,373.11,1865.55,0,Credit Card,Online,MO
725,2025-05-15,422,660,5,332.59,1662.95,0,Credit Card,In-Store,NE
726,2025-12-01,509,223,7,107.21,600.38,20,PayPal,Online,SD
727,2026-01-21,11,436,7,254.77,1605.05,10,Debit Card,Online,ID
728,2025-11-20,904,99,10,321.4,2410.5,25,PayPal,Mobile App,CT
729,2026-01-31,937,684,7,27.7,193.9,0,Credit Card,Online,KS
730,2025-09-15,535,628,4,199.63,758.59,5,Credit Card,Mobile App,LA
731,2026-02-26,840,999,2,363.81,545.72,25,Debit Card,In-Store,OR
732,2025-03-28,682,318,3,358.4,860.16,20,Debit Card,Mobile App,OK
733,2025-03-17,784,843,1,437.77,350.22,20,Credit Card,Mobile App,MN
734,2025-12-21,824,174,10,223.65,1901.02,15,PayPal,Mobile App,TX
735,2025-12-22,42,784,2,113.52,192.98,15,Debit Card,Mobile App,AR
736,2025-09-25,585,890,7,30.65,203.82,5,PayPal,Online,SC
737,2025-09-13,750,450,2,149.85,239.76,20,Apple Pay,Mobile App,AK
738,2025-08-01,437,797,6,215.93,1295.58,0,Debit Card,Online,AS
739,2025-08-19,158,568,8,480.06,3840.48,0,Credit Card,In-Store,TX
740,2025-07-02,797,739,8,336.24,2689.92,0,Apple Pay,Online,NM
741,2025-09-20,66,418,5,67.67,304.52,10,PayPal,Online,GA
742,2026-01-04,632,556,3,119.38,358.14,0,Apple Pay,In-Store,IA
743,2026-01-31,701,592,8,492.59,3940.72,0,Debit Card,Phone,KS
744,2025-08-01,550,846,2,73.89,118.22,20,Cash,Online,CO
745,2025-06-21,958,428,2,26.75,48.15,10,Credit Card,Phone,NV
746,2025-10-27,441,847,6,208.03,1185.77,5,Apple Pay,Mobile App,TX
747,2025-05-08,539,404,2,90.51,181.02,0,Cash,Online,SC
748,2025-09-08,254,635,3,180.74,515.11,5,Credit Card,Mobile App,OR
749,2025-10-09,711,971,4,176.5,529.5,25,Debit Card,Phone,OR
750,2025-08-04,293,38,9,163.26,1102.0,25,PayPal,Mobile App,ME
751,2026-02-20,799,149,2,357.47,643.45,10,Credit Card,Online,OR
752,2025-07-13,769,350,7,294.06,1646.74,20,Cash,Online,OH
753,2025-11-04,370,632,6,470.14,2115.63,25,Apple Pay,Mobile App,AZ
754,2025-05-26,897,271,4,283.73,1021.43,10,Cash,In-Store,AR
755,2025-07-31,217,321,10,256.13,2561.3,0,Cash,Phone,NJ
756,2025-07-08,831,227,2,372.84,596.54,20,Debit Card,Mobile App,GU
757,2025-08-25,859,461,4,407.88,1549.94,5,Apple Pay,In-Store,WY
758,2025-11-22,328,977,8,398.02,3184.16,0,Credit Card,In-Store,FL
759,2025-10-07,276,337,7,103.99,545.95,25,Credit Card,Mobile App,NJ
760,2025-08-18,858,830,2,285.11,484.69,15,Cash,In-Store,OR
761,2025-12-22,376,363,5,289.8,1449.0,0,Credit Card,Online,OH
762,2025-05-13,984,92,5,238.08,1190.4,0,Cash,Phone,DC
763,2025-03-08,522,743,6,122.21,733.26,0,Apple Pay,In-Store,WY
764,2025-09-07,975,914,10,425.11,3825.99,10,Debit Card,Mobile App,HI
765,2025-06-13,945,839,2,301.22,542.2,10,PayPal,Online,NE
766,2026-01-12,256,450,6,197.3,1124.61,5,PayPal,Mobile App,UT
767,2025-03-31,302,647,7,495.01,2945.31,15,PayPal,Online,MA
768,2025-07-28,841,324,6,185.86,1115.16,0,PayPal,Mobile App,NC
769,2025-08-25,356,957,9,457.71,3501.48,15,Cash,Phone,NJ
770,2025-03-17,908,86,10,65.46,589.14,10,Credit Card,In-Store,MN
771,2026-02-01,442,649,3,247.45,668.11,10,Debit Card,In-Store,VI
772,2026-01-12,910,746,7,21.53,143.17,5,Cash,In-Store,TN
773,2025-11-07,529,423,8,300.51,2404.08,0,Debit Card,In-Store,MH
774,2025-08-30,951,180,8,378.84,2727.65,10,Apple Pay,Online,MI
775,2025-05-09,546,97,9,183.41,1403.09,15,Cash,Online,CT
776,2025-03-03,394,208,9,115.55,935.96,10,PayPal,In-Store,MN
777,2025-05-17,16,494,6,142.7,856.2,0,Credit Card,Mobile App,MO
778,2025-11-11,442,45,6,97.67,586.02,0,Debit Card,Phone,IL
779,2025-12-18,692,893,1,379.05,284.29,25,Debit Card,In-Store,LA
780,2025-09-02,714,165,4,172.88,518.64,25,Debit Card,Mobile App,FL
781,2025-08-23,423,201,1,226.52,181.22,20,PayPal,Mobile App,WV
782,2025-04-22,53,167,9,58.94,424.37,20,PayPal,Online,GU
783,2025-09-21,684,4,7,163.69,859.37,25,Apple Pay,Phone,SD
784,2025-05-22,522,467,1,11.13,9.46,15,Credit Card,Mobile App,SC
785,2025-03-03,851,244,1,373.99,373.99,0,Credit Card,Online,AL
786,2025-10-12,486,543,10,390.47,3904.7,0,PayPal,Phone,KS
787,2026-01-17,60,682,5,370.48,1574.54,15,Apple Pay,Online,IL
788,2025-04-16,332,794,6,323.76,1942.56,0,Debit Card,In-Store,AZ
789,2025-06-14,304,718,9,146.41,1185.92,10,Credit Card,Online,NJ
790,2025-09-27,948,286,3,344.99,776.23,25,PayPal,Online,DC
791,2026-02-02,373,595,1,30.05,25.54,15,Cash,Mobile App,PW
792,2025-10-19,311,106,2,146.73,249.44,15,Credit Card,In-Store,GU
793,2025-05-12,90,801,1,19.29,16.4,15,Debit Card,Mobile App,NV
794,2025-12-25,75,103,9,7.8,52.65,25,Cash,Online,NM
795,2025-04-20,391,954,6,343.0,1646.4,20,Cash,In-Store,MA
796,2025-07-19,574,373,3,200.67,451.51,25,Cash,Phone,DC
797,2025-11-21,193,249,1,149.51,149.51,0,Debit Card,Mobile App,TN
798,2025-09-22,988,181,5,170.36,851.8,0,Apple Pay,Mobile App,MT
799,2026-02-01,726,362,7,246.47,1725.29,0,Cash,In-Store,PR
800,2025-09-01,751,973,1,345.87,276.7,20,Credit Card,Online,AK
801,2026-03-02,418,171,8,177.85,1422.8,0,Credit Card,Phone,FM
802,2026-03-01,523,36,7,457.11,3199.77,0,Apple Pay,In-Store,MA
803,2025-06-22,546,817,5,85.3,426.5,0,Apple Pay,Mobile App,ID
804,2025-04-08,745,803,1,415.77,415.77,0,Credit Card,Online,IN
805,2026-02-06,946,997,8,240.14,1632.95,15,PayPal,Online,KY
806,2025-12-27,118,130,9,487.78,4390.02,0,Cash,Online,CA
807,2025-06-24,758,496,6,181.3,1087.8,0,Cash,Mobile App,WY
808,2025-09-01,50,655,2,308.46,462.69,25,Credit Card,In-Store,NC
809,2025-07-26,804,711,4,490.7,1766.52,10,PayPal,In-Store,NY
810,2026-01-04,516,253,1,324.03,243.02,25,PayPal,Online,ME
811,2025-03-29,886,516,10,323.23,3232.3,0,Cash,In-Store,SD
812,2025-03-17,637,263,9,244.2,1648.35,25,PayPal,Phone,GA
813,2025-08-04,631,827,5,250.81,1254.05,0,Cash,Mobile App,MT
814,2025-05-08,87,950,1,299.92,299.92,0,Apple Pay,In-Store,ID
815,2025-12-14,199,973,7,426.81,2240.75,25,PayPal,Online,FM
816,2025-03-17,476,971,10,322.39,2579.12,20,Credit Card,Mobile App,MD
817,2025-09-06,220,905,2,400.25,800.5,0,Credit Card,Online,CO
818,2025-11-30,154,676,1,208.74,208.74,0,Credit Card,Phone,UT
819,2026-02-20,532,323,3,227.26,545.42,20,PayPal,Online,MO
820,2025-04-18,761,913,2,239.43,383.09,20,Credit Card,In-Store,CO
821,2026-01-18,25,25,5,76.58,363.75,5,Apple Pay,Online,AS
822,2026-02-23,716,571,4,211.22,844.88,0,Debit Card,Online,ME
823,2025-05-18,518,717,3,66.26,198.78,0,Apple Pay,Phone,AK
824,2026-02-17,44,174,10,277.04,2770.4,0,Cash,Phone,WI
825,2025-08-03,899,706,4,365.85,1317.06,10,Apple Pay,Mobile App,MA
826,2025-10-21,459,613,1,183.75,147.0,20,Debit Card,In-Store,RI
827,2025-12-04,356,5,1,291.91,248.12,15,Debit Card,Online,ME
828,2026-01-22,403,129,5,329.75,1319.0,20,Apple Pay,Phone,RI
829,2025-09-15,964,808,10,385.56,3662.82,5,Debit Card,Mobile App,HI
830,2025-12-04,352,608,1,440.13,440.13,0,Apple Pay,Mobile App,MD
831,2025-11-19,695,998,5,429.42,2147.1,0,Credit Card,Phone,MS
832,2025-03-30,427,293,9,449.87,3643.95,10,Credit Card,In-Store,NH
833,2026-02-13,515,955,9,359.46,2426.36,25,Debit Card,In-Store,WY
834,2025-09-11,656,189,8,207.26,1326.46,20,Cash,Mobile App,SC
835,2025-05-10,962,469,6,210.16,1260.96,0,Cash,Online,KS
836,2026-01-12,522,991,7,489.97,2743.83,20,Debit Card,Phone,TN
837,2025-08-13,123,99,1,188.98,188.98,0,PayPal,Phone,SD
838,2025-09-01,538,946,1,436.67,327.5,25,PayPal,Mobile App,HI
839,2025-05-11,658,956,2,200.62,381.18,5,PayPal,Phone,FM
840,2025-05-25,983,874,4,353.72,1344.14,5,Apple Pay,Mobile App,OH
841,2025-07-26,546,437,10,322.63,3226.3,0,Cash,Online,WV
842,2025-10-12,124,514,5,163.83,819.15,0,Cash,Phone,NC
843,2025-11-22,661,991,5,154.98,736.15,5,PayPal,Online,WI
844,2025-07-22,599,203,7,135.52,948.64,0,Debit Card,Online,AR
845,2025-12-18,996,813,3,400.38,1201.14,0,Apple Pay,In-Store,MS
846,2026-02-26,661,2,10,430.4,3658.4,15,Apple Pay,Phone,PR
847,2025-07-17,352,114,2,57.78,109.78,5,Apple Pay,Phone,UT
848,2025-09-10,219,602,10,149.82,1198.56,20,Credit Card,Online,ID
849,2025-04-04,231,447,3,130.96,373.24,5,Cash,In-Store,MH
850,2025-12-19,917,158,2,438.87,877.74,0,Debit Card,Online,LA
851,2025-05-16,911,824,5,262.68,1313.4,0,Apple Pay,Mobile App,NC
852,2025-11-22,881,319,1,416.27,333.02,20,PayPal,Mobile App,MD
853,2025-12-09,7,924,7,246.41,1379.9,20,Cash,Phone,AZ
854,2026-02-16,219,737,3,192.69,462.46,20,Apple Pay,Mobile App,IL
855,2026-01-26,359,248,6,436.81,2620.86,0,Apple Pay,Online,WY
856,2026-01-04,434,8,7,244.17,1709.19,0,Debit Card,Phone,VA
857,2025-06-14,942,769,1,446.54,446.54,0,Apple Pay,Phone,IL
858,2025-07-21,734,733,1,197.23,197.23,0,Debit Card,In-Store,NE
859,2025-07-17,249,944,7,144.85,912.55,10,Cash,Mobile App,LA
860,2025-05-18,31,225,10,13.09,130.9,0,Cash,Online,OK
861,2025-06-24,551,238,8,254.47,1628.61,20,Cash,Phone,ME
862,2026-01-09,752,34,10,406.77,4067.7,0,Credit Card,Mobile App,IN
863,2025-06-23,878,590,4,439.11,1492.97,15,Debit Card,Phone,TN
864,2025-07-02,826,689,4,28.57,114.28,0,PayPal,Mobile App,LA
865,2025-06-09,942,815,3,31.2,93.6,0,Cash,Phone,ID
866,2025-10-23,273,771,4,108.29,411.5,5,Cash,Phone,LA
867,2026-01-19,347,400,4,479.44,1821.87,5,Apple Pay,Mobile App,OR
868,2025-09-26,314,83,7,199.0,1323.35,5,Credit Card,Phone,HI
869,2025-10-11,590,766,1,113.92,113.92,0,Apple Pay,Mobile App,RI
870,2025-03-14,634,387,6,7.36,41.95,5,Cash,In-Store,IL
871,2025-10-26,765,750,6,315.26,1891.56,0,Credit Card,Mobile App,DE
872,2025-04-30,438,612,5,432.37,2161.85,0,Cash,Phone,WV
873,2025-09-29,536,821,1,103.1,82.48,20,Credit Card,Online,MO
874,2026-03-02,740,200,9,337.7,3039.3,0,Credit Card,Phone,FM
875,2025-04-02,511,709,9,358.25,3224.25,0,Cash,Mobile App,FL
876,2026-02-14,28,721,7,349.22,1955.63,20,PayPal,Online,MD
877,2025-05-04,702,545,6,188.8,962.88,15,Apple Pay,Mobile App,ME
878,2025-05-19,51,896,8,298.45,2387.6,0,Cash,Mobile App,KS
879,2025-12-12,718,708,5,133.26,666.3,0,Cash,Phone,PW
880,2025-03-21,276,963,10,449.25,4043.25,10,PayPal,Phone,NM
881,2026-03-02,279,936,4,331.6,1326.4,0,Debit Card,Phone,GA
882,2025-12-31,331,407,3,204.21,582.0,5,PayPal,Phone,RI
883,2025-07-11,605,738,3,488.16,1464.48,0,Debit Card,Mobile App,OH
884,2025-09-07,730,889,10,262.55,1969.12,25,PayPal,Online,DE
885,2025-05-30,777,814,7,57.06,299.56,25,Credit Card,Phone,KS
886,2025-11-11,484,182,7,350.19,1961.06,20,Debit Card,In-Store,TN
887,2025-03-10,190,465,8,140.35,1010.52,10,PayPal,Online,SD
888,2025-06-30,793,55,7,15.19,106.33,0,Debit Card,Online,AR
889,2025-10-14,165,142,9,296.36,2533.88,5,Debit Card,In-Store,HI
890,2026-01-11,85,440,6,379.47,2049.14,10,Debit Card,Phone,MO
891,2025-10-13,325,38,1,349.09,349.09,0,Credit Card,Phone,NH
892,2025-05-03,966,21,1,262.84,223.41,15,Cash,In-Store,NJ
893,2025-11-22,793,114,3,152.46,457.38,0,Apple Pay,Phone,SD
894,2025-04-26,112,965,10,224.12,1905.02,15,Debit Card,In-Store,FL
895,2025-09-11,17,971,5,46.09,230.45,0,Credit Card,Phone,SC
896,2025-11-27,889,82,10,378.39,2837.92,25,Cash,In-Store,IN
897,2025-04-20,865,812,4,188.14,752.56,0,Cash,In-Store,NE
898,2025-09-15,415,258,8,124.17,794.69,20,Credit Card,Online,NC
899,2025-05-30,81,481,6,279.84,1679.04,0,Debit Card,Phone,OR
900,2026-02-17,685,863,2,310.24,620.48,0,PayPal,Mobile App,TN
901,2025-08-12,380,861,3,470.57,1058.78,25,Cash,Phone,TN
902,2025-06-19,956,893,2,100.81,201.62,0,Credit Card,Mobile App,MD
903,2025-11-18,401,128,9,494.37,3781.93,15,PayPal,Mobile App,MS
904,2025-11-28,968,495,2,26.45,44.96,15,Cash,Phone,ME
905,2025-04-25,344,634,7,96.32,674.24,0,Debit Card,In-Store,MO
906,2025-09-03,805,709,8,218.22,1571.18,10,Debit Card,In-Store,ID
907,2025-07-02,836,712,10,395.02,3950.2,0,Debit Card,Mobile App,MI
908,2025-06-02,988,819,3,251.2,602.88,20,Credit Card,Mobile App,ME
909,2025-03-21,504,921,1,81.46,81.46,0,Apple Pay,Online,VT
910,2025-10-29,475,145,2,351.23,667.34,5,PayPal,Phone,PW
911,2025-08-27,82,863,10,165.61,1407.69,15,Apple Pay,Online,GA
912,2025-03-08,682,36,9,355.75,3201.75,0,Credit Card,In-Store,KY
913,2025-09-26,804,725,8,148.8,1190.4,0,Credit Card,Mobile App,AL
914,2025-06-03,700,32,5,161.49,645.96,20,PayPal,Phone,MO
915,2025-08-19,285,37,4,259.65,830.88,20,Debit Card,Online,PR
916,2025-04-18,699,832,6,221.22,995.49,25,Cash,Mobile App,FM
917,2025-10-16,106,981,4,87.67,315.61,10,PayPal,In-Store,MI
918,2025-07-12,543,922,7,491.11,3437.77,0,Apple Pay,Online,IA
919,2025-05-12,427,821,4,316.59,1139.72,10,Debit Card,Mobile App,HI
920,2025-09-17,584,648,3,369.25,1107.75,0,Apple Pay,Mobile App,WI
921,2026-01-01,746,993,8,361.22,2889.76,0,Debit Card,In-Store,AR
922,2025-07-14,777,581,5,291.06,1455.3,0,Debit Card,Mobile App,GA
923,2025-09-09,51,980,2,43.24,82.16,5,Apple Pay,In-Store,MI
924,2025-10-26,786,274,9,206.86,1861.74,0,Cash,Online,AR
925,2025-09-15,125,596,4,405.37,1459.33,10,Cash,Online,MO
926,2026-02-28,314,749,7,38.13,226.87,15,Cash,Phone,NJ
927,2025-10-10,973,982,9,70.87,574.05,10,Debit Card,Online,MO
928,2025-06-14,724,447,4,275.34,1101.36,0,PayPal,Online,FM
929,2025-12-22,242,93,3,398.85,1196.55,0,Cash,In-Store,CT
930,2025-09-25,694,603,5,120.56,572.66,5,Debit Card,Mobile App,WY
931,2025-11-11,911,558,5,273.73,1231.79,10,PayPal,In-Store,MO
932,2025-04-12,341,848,3,11.11,30.0,10,Debit Card,Phone,IA
933,2025-08-12,940,964,9,413.15,3346.51,10,Cash,Online,CA
934,2025-03-05,837,79,3,396.34,1010.67,15,Cash,In-Store,IA
935,2025-04-26,619,193,1,493.59,444.23,10,Debit Card,In-Store,OH
936,2025-12-21,544,987,2,428.52,857.04,0,Cash,Online,AZ
937,2025-09-20,936,380,4,411.25,1480.5,10,Credit Card,Phone,VA
938,2026-02-06,926,8,8,436.55,3317.78,5,Credit Card,Phone,ID
939,2025-10-11,22,173,5,11.84,53.28,10,Apple Pay,In-Store,NC
940,2025-09-22,715,840,4,330.18,1320.72,0,PayPal,Online,MS
941,2025-09-26,57,199,3,16.19,43.71,10,PayPal,Online,CO
942,2025-07-30,664,292,6,477.69,2866.14,0,Apple Pay,In-Store,CA
943,2025-08-03,308,627,4,323.67,1165.21,10,Credit Card,Mobile App,FM
944,2025-08-30,634,228,10,50.57,429.84,15,Debit Card,Online,AK
945,2025-12-07,824,928,9,165.6,1341.36,10,Cash,Mobile App,CO
946,2025-10-15,55,518,7,228.14,1517.13,5,Credit Card,Online,AR
947,2025-09-23,343,982,8,494.38,3559.54,10,Apple Pay,In-Store,IL
948,2025-04-20,148,22,9,382.82,3445.38,0,Credit Card,In-Store,FM
949,2025-06-09,870,412,2,297.22,505.27,15,Credit Card,In-Store,CT
950,2025-04-26,239,500,10,484.8,3878.4,20,Credit Card,Online,AK
951,2025-12-31,644,927,3,247.3,593.52,20,Apple Pay,In-Store,NC
952,2025-11-24,298,417,8,92.35,627.98,15,Apple Pay,Online,MO
953,2026-01-31,786,586,2,176.37,352.74,0,Credit Card,Phone,MA
954,2025-06-26,89,386,2,199.54,379.13,5,Credit Card,Mobile App,OR
955,2025-04-09,782,374,10,488.98,4645.31,5,Apple Pay,Phone,MN
956,2025-08-09,709,692,10,166.85,1668.5,0,Apple Pay,Mobile App,WA
957,2026-02-02,471,608,9,268.96,2420.64,0,Credit Card,Phone,KY
958,2026-02-26,696,474,6,137.63,825.78,0,Debit Card,Phone,NV
959,2026-02-06,659,716,4,224.53,763.4,15,PayPal,Phone,TX
960,2026-02-09,704,601,5,161.81,647.24,20,Credit Card,Mobile App,NH
961,2026-01-23,24,973,3,48.87,109.96,25,PayPal,Online,DC
962,2025-10-17,822,585,6,396.31,2258.97,5,Cash,Mobile App,NV
963,2025-03-17,731,410,6,242.28,1235.63,15,Apple Pay,Online,AZ
964,2025-07-02,503,55,4,124.01,496.04,0,Debit Card,In-Store,MO
965,2025-08-09,659,579,7,399.09,2514.27,10,Debit Card,Online,ME
966,2025-09-13,298,369,5,350.95,1754.75,0,Apple Pay,Online,MD
967,2025-11-08,921,422,9,63.9,575.1,0,Credit Card,Online,TX
968,2025-10-18,97,549,2,100.47,170.8,15,Credit Card,Phone,MP
969,2025-03-26,999,502,6,302.87,1817.22,0,Debit Card,Phone,MO
970,2025-08-18,964,816,2,426.21,681.94,20,Apple Pay,Mobile App,AL
971,2025-03-24,460,292,7,226.52,1585.64,0,Cash,Mobile App,MN
972,2025-11-24,644,960,8,395.24,2529.54,20,Debit Card,In-Store,ID
973,2025-12-07,477,117,1,206.92,175.88,15,Debit Card,Phone,TX
974,2025-04-05,795,617,9,37.18,301.16,10,Debit Card,In-Store,AZ
975,2025-11-09,132,207,1,499.97,499.97,0,Apple Pay,Phone,DC
976,2025-09-15,448,435,6,221.7,1130.67,15,Cash,Mobile App,AZ
977,2025-07-24,143,562,3,219.55,625.72,5,Cash,Phone,IN
978,2026-02-01,111,461,3,143.59,344.62,20,Apple Pay,In-Store,DE
979,2025-07-31,648,262,10,56.5,565.0,0,PayPal,Mobile App,GA
980,2025-08-01,637,632,1,321.09,321.09,0,PayPal,Phone,IL
981,2025-11-30,311,131,7,84.55,473.48,20,PayPal,Phone,MI
982,2026-01-17,135,87,1,101.26,86.07,15,Debit Card,Online,MP
983,2025-03-21,390,793,5,113.82,426.82,25,Apple Pay,Online,MI
984,2026-02-01,544,524,8,357.02,2142.12,25,PayPal,Mobile App,AR
985,2025-04-05,322,643,1,319.12,271.25,15,Debit Card,Mobile App,VA
986,2025-08-30,837,799,8,278.09,1891.01,15,Cash,Phone,HI
987,2025-04-15,268,233,2,133.0,252.7,5,Debit Card,Mobile App,PW
988,2025-09-15,940,377,10,207.96,2079.6,0,Cash,Mobile App,SC
989,2025-11-24,661,926,6,490.81,2944.86,0,Cash,Online,OR
990,2025-07-25,196,108,1,243.22,243.22,0,Credit Card,Phone,MD
991,2025-05-10,647,945,2,43.15,86.3,0,Debit Card,Online,NH
992,2025-05-20,720,231,1,398.87,358.98,10,Debit Card,In-Store,WY
993,2025-08-09,15,230,3,342.53,822.07,20,Debit Card,Mobile App,AK
994,2025-07-29,761,376,9,482.26,3255.26,25,PayPal,Phone,MO
995,2025-11-30,208,101,6,35.61,192.29,10,Credit Card,Online,AL
996,2026-02-20,690,171,10,321.01,2407.57,25,Credit Card,Online,AK
997,2025-03-19,249,233,4,279.79,951.29,15,Debit Card,Online,MA
998,2025-11-25,253,569,3,334.96,1004.88,0,Debit Card,Mobile App,FM
999,2026-02-02,606,456,2,419.44,671.1,20,Apple Pay,In-Store,PR
1000,2025-05-03,304,354,6,274.54,1647.24,0,Credit Card,Mobile App,WY
